data_augmentation,model_shape,encoding_type,test_loss,train_loss,train_dropout_rate,train_early_stop_patience,train_batch_size,train_val_split,lr_initial,lr_decay_step,lr_decay_rate,lr_stair_case
True,mlp_2_1500_2800_1300_2100_45,One Hot,0.026580166071653366,mean_squared_error,0.4,50,32,0.15/0.15,0.0014558,100,0.99,False
True,mlp_2_600_100_2600_5000_45,Linear,0.027197198942303658,mean_squared_error,0.4,50,32,0.15/0.15,0.0014558,100,0.99,False
True,mlp_2_1500_2800_1300_2100_45,one hot,0.026580534875392914,mean_squared_error,0.4,50,32,0.15/0.15,0.0014558,100,0.99,False
True,mlp_2_3300_200_4600_1700_45,one hot,0.023183807730674744,mean_squared_error,0.4,50,32,0.15/0.15,0.0014558,100,0.99,False
True,mlp_2_3300_200_4600_1700_45,one hot,0.023924631997942924,mean_squared_error,0.4,50,32,0.15/0.15,0.0014558,100,0.99,False
True,mlp_2_700_3800_400_1800_16,one hot,0.04562950134277344,mean_squared_error,0.4,50,32,0.15/0.15,0.0014558,100,0.99,False
True,mlp_2_700_3800_400_1800_16,one hot,0.041409365832805634,mean_squared_error,0.4,50,32,0.15/0.15,0.0026485,100,0.99,False
True,mlp_2_2000_400_1300_1700_16_16,one hot,0.08707428723573685,mean_squared_error,0.4,50,32,0.15/0.15,0.0026485,100,0.99,False
