{
  "run_id": "20260111_014936",
  "fixed_depth": 1,
  "fixed_width": 1024,
  "fixed_neurons": [
    1024
  ],
  "train_fractions": [
    0.3,
    0.3368421052631579,
    0.3736842105263158,
    0.41052631578947363,
    0.4473684210526315,
    0.4842105263157894,
    0.5210526315789473,
    0.5578947368421052,
    0.5947368421052631,
    0.631578947368421,
    0.6684210526315789,
    0.7052631578947368,
    0.7421052631578946,
    0.7789473684210526,
    0.8157894736842104,
    0.8526315789473684,
    0.8894736842105262,
    0.9263157894736842,
    0.963157894736842,
    1.0
  ],
  "seeds": [
    0,
    1,
    2,
    3,
    4
  ],
  "train_loss": "mae",
  "batch_size": 128,
  "early_stopping_patience": 400,
  "notes": "Subset sampling is applied only to X_train/y_train; validation is fixed."
}