sample_idx,cross_to_ground,claw_to_ground,cross_to_claw,cross_to_cross,claw_to_claw,ground_to_ground,param,ref_unscaled,pred_unscaled,abs_error_unscaled,sq_error_unscaled
0,133.517,96.703,5.98705,133.517,103.123,287.806,design_options.connection_pads.readout.claw_length,0.00018,0.000179291,7.09229e-07,5.03005e-13
0,133.517,96.703,5.98705,133.517,103.123,287.806,design_options.connection_pads.readout.ground_spacing,5e-06,4.52995e-06,4.70047e-07,2.20944e-13
0,133.517,96.703,5.98705,133.517,103.123,287.806,design_options.cross_length,0.00026,0.000261545,1.54518e-06,2.38759e-12
1,148.829,69.9119,2.2821,148.829,72.5296,278.843,design_options.connection_pads.readout.claw_length,0.0001,0.000108421,8.42085e-06,7.09107e-11
1,148.829,69.9119,2.2821,148.829,72.5296,278.843,design_options.connection_pads.readout.ground_spacing,1e-05,9.53674e-06,4.63257e-07,2.14607e-13
1,148.829,69.9119,2.2821,148.829,72.5296,278.843,design_options.cross_length,0.00029,0.000287533,2.46719e-06,6.08704e-12
2,87.3543,68.8291,3.77328,87.3543,73.0345,205.788,design_options.connection_pads.readout.claw_length,0.00011,0.00010705,2.95006e-06,8.70284e-12
2,87.3543,68.8291,3.77328,87.3543,73.0345,205.788,design_options.connection_pads.readout.ground_spacing,4.1e-06,4.52995e-06,4.29953e-07,1.8486e-13
2,87.3543,68.8291,3.77328,87.3543,73.0345,205.788,design_options.cross_length,0.00018,0.000185728,5.72807e-06,3.28108e-11
