sample_idx,cross_to_ground,claw_to_ground,cross_to_claw,cross_to_cross,claw_to_claw,ground_to_ground,param,ref,pred,abs_error,sq_error
0,0.491077,0.333713,0.324772,0.491077,0.33982,0.450407,design_options.connection_pads.readout.claw_length,0.333333,0.331299,0.00203451,4.13921e-06
0,0.491077,0.333713,0.324772,0.491077,0.33982,0.450407,design_options.connection_pads.readout.ground_spacing,0.152542,0.0715332,0.0810092,0.00656249
0,0.491077,0.333713,0.324772,0.491077,0.33982,0.450407,design_options.cross_length,0.515152,0.519531,0.00437973,1.91821e-05
1,0.572236,0.119324,0.0506088,0.572236,0.111417,0.423736,design_options.connection_pads.readout.claw_length,0.0909091,0.116516,0.025607,0.00065572
1,0.572236,0.119324,0.0506088,0.572236,0.111417,0.423736,design_options.connection_pads.readout.ground_spacing,1,0.918457,0.081543,0.00664926
1,0.572236,0.119324,0.0506088,0.572236,0.111417,0.423736,design_options.cross_length,0.606061,0.598633,0.00742779,5.51721e-05
2,0.246398,0.11066,0.160955,0.246398,0.115185,0.206347,design_options.connection_pads.readout.claw_length,0.121212,0.112305,0.00890743,7.93424e-05
2,0.246398,0.11066,0.160955,0.246398,0.115185,0.206347,design_options.connection_pads.readout.ground_spacing,0,0.0697021,0.0697021,0.00485839
2,0.246398,0.11066,0.160955,0.246398,0.115185,0.206347,design_options.cross_length,0.272727,0.290039,0.0173118,0.000299698
